{"cameraMode":{"drawMode":0,"name":"Shaded","section":"Shading Mode"},"sceneLighting":false,"audioPlay":false,"sceneViewState":{"showFog":true,"showMaterialUpdate":false,"showSkybox":false,"showFlares":true,"showImageEffects":true,"showParticleSystems":true},"in2DMode":false,"pivot":{"x":8.46500015258789,"y":1.2421667575836182,"z":-9.719629287719727},"rotation":{"x":0.13341127336025239,"y":0.8088838458061218,"z":-0.2012917846441269,"w":0.5360994338989258},"size":1.9474940299987794,"orthographic":false}