{"cameraMode":{"drawMode":0,"name":"Shaded","section":"Shading Mode"},"sceneLighting":true,"audioPlay":false,"sceneViewState":{"showFog":true,"showMaterialUpdate":false,"showSkybox":true,"showFlares":true,"showImageEffects":true,"showParticleSystems":true},"in2DMode":false,"pivot":{"x":33.31510925292969,"y":-62.39659118652344,"z":76.36862182617188},"rotation":{"x":0.29461172223091128,"y":0.17698615789413453,"z":-0.055622249841690066,"w":0.9374369382858276},"size":59.990257263183597,"orthographic":false}