{"cameraMode":{"drawMode":0,"name":"Shaded","section":"Shading Mode"},"sceneLighting":true,"audioPlay":false,"sceneViewState":{"showFog":true,"showMaterialUpdate":false,"showSkybox":true,"showFlares":true,"showImageEffects":true,"showParticleSystems":true},"in2DMode":false,"pivot":{"x":7.042198181152344,"y":2.7188949584960939,"z":-2.739779472351074},"rotation":{"x":-0.11122766882181168,"y":0.8887398838996887,"z":-0.3187848627567291,"w":-0.31009015440940859},"size":2.1232149600982668,"orthographic":false}